,TIME,NUM1,NUM2,NUM3,NUM4,NUM5,NUM6,BONUS
0,1,14,13,35,27,45,33,2
1,2,20,16,40,45,25,1,30
2,3,21,16,40,25,34,37,20
3,4,13,9,35,38,29,10,8
4,5,22,4,24,45,30,9,25
5,6,30,40,18,14,39,32,9
6,7,25,38,27,33,45,16,13
7,8,6,25,4,33,34,16,2
8,9,32,39,31,22,24,25,30
9,10,33,39,38,25,30,12,26
10,11,25,45,16,10,41,26,33
11,12,13,40,45,39,26,25,32
12,13,29,15,17,11,28,25,33
13,14,36,31,35,34,16,45,29
14,15,6,13,14,17,32,8,18
15,16,20,15,39,6,10,12,17
16,17,25,41,8,4,11,29,13
17,18,39,38,31,16,18,40,45
18,19,29,6,41,1,5,24,34
19,20,11,43,45,37,19,4,12
20,21,36,4,12,8,41,38,40
21,22,11,40,45,36,37,41,27
22,23,43,26,41,16,32,4,17
23,24,40,35,16,29,41,39,7
24,25,45,37,38,17,33,39,10
25,26,11,43,45,16,17,38,4
26,27,6,1,10,21,2,44,13
27,28,38,37,16,42,24,45,29
28,29,36,22,13,17,18,8,25
29,30,43,35,4,28,13,21,6
30,31,25,6,23,30,41,2,13
31,32,22,13,20,32,10,35,6
32,33,7,14,45,31,26,30,9
33,34,43,45,28,41,10,40,25
34,35,14,23,21,29,39,26,1
35,36,15,32,33,4,45,22,20
36,37,39,33,38,6,45,10,16
37,38,5,16,32,29,13,33,17
38,39,45,6,1,40,9,33,15
39,40,12,33,37,21,10,6,11
40,41,28,34,30,10,29,17,43
41,42,25,40,4,31,39,5,29
42,43,21,20,29,13,25,1,37
43,44,17,35,11,36,9,6,10
44,45,8,34,44,3,13,24,45
45,46,4,16,13,17,1,6,2
46,47,45,12,28,44,21,19,33
47,48,39,24,11,29,4,41,20
48,49,33,5,22,35,45,39,26
49,50,31,23,29,28,17,41,19
50,51,25,4,34,29,13,23,12
51,52,32,37,45,10,35,6,27
52,53,42,34,37,43,14,4,13
53,54,4,16,37,3,21,27,41
54,55,13,39,44,41,35,27,2
55,56,6,28,37,20,18,45,8
56,57,36,45,13,3,4,40,20
57,58,16,10,31,17,27,29,34
58,59,13,14,38,45,27,4,41
59,60,42,6,22,41,13,34,29
60,61,35,6,16,12,24,45,32
61,62,29,43,21,41,4,22,34
62,63,41,17,25,33,9,4,21
63,64,41,34,18,29,11,20,45
64,65,12,26,18,17,15,3,19
65,66,25,31,34,17,11,7,45
66,67,36,12,35,11,13,8,6
67,68,38,13,20,45,33,32,34
68,69,6,1,32,4,39,24,18
69,70,41,27,16,29,4,18,25
70,71,2,11,45,43,25,37,31
71,72,18,45,19,24,33,30,31
72,73,13,19,12,6,44,33,32
73,74,38,12,7,29,22,33,16
74,75,36,21,7,30,28,13,41
75,76,26,42,20,16,37,4,12
76,77,29,28,41,17,9,25,39
77,78,15,40,13,25,30,28,17
78,79,3,5,20,37,25,45,16
79,80,10,45,23,27,15,16,17
80,81,10,30,40,22,29,17,37
81,82,12,15,22,17,8,21,29
82,83,21,29,13,45,40,17,36
83,84,43,1,4,6,41,36,9
84,85,7,4,16,20,29,36,32
85,86,40,10,32,35,45,2,17
86,87,29,6,31,43,40,39,3
87,88,30,44,40,12,39,15,11
88,89,20,11,29,10,14,40,25
89,90,13,43,38,12,32,22,8
90,91,20,1,29,26,6,5,8
91,92,45,10,1,38,13,37,8
92,93,21,9,17,4,30,36,11
93,94,43,18,34,13,4,15,6
94,95,36,18,22,29,45,11,9
95,96,26,39,33,38,20,9,34
96,97,18,23,41,29,13,36,6
97,98,11,15,29,40,37,10,5
98,99,37,9,4,38,21,45,40
99,100,41,12,33,15,1,35,37
100,101,32,22,20,40,29,10,34
101,102,27,17,31,41,3,7,32
102,103,22,7,35,37,33,10,30
103,104,15,13,39,30,38,29,12
104,105,12,40,6,5,36,33,29
105,106,8,19,4,39,7,17,26
106,107,4,18,43,32,12,36,6
107,108,10,33,11,29,20,22,8
108,109,25,22,39,7,30,41,34
109,110,39,24,16,38,43,15,40
110,111,23,45,29,41,12,32,25
111,112,45,20,7,36,9,43,34
112,113,14,41,20,36,31,29,40
113,114,41,1,32,37,10,42,29
114,115,32,37,43,17,22,33,25
115,116,11,6,29,39,27,34,21
116,117,32,13,12,27,11,41,1
117,118,40,45,34,32,24,25,22
118,119,30,5,4,45,44,37,1
119,120,29,35,40,28,44,38,33
120,121,29,9,11,1,32,36,33
121,122,9,45,23,29,32,5,41
122,123,25,18,29,41,45,33,27
123,124,13,23,16,11,29,20,22
124,125,2,6,33,43,12,23,17
125,126,14,5,33,26,13,1,12
126,127,31,11,34,20,41,3,28
127,128,23,37,20,13,10,41,45
128,129,40,6,12,37,24,8,1
129,130,16,4,8,11,37,29,26
130,131,18,27,31,13,37,34,6
131,132,38,4,40,23,1,6,13
132,133,33,4,12,25,41,29,22
133,134,4,38,10,39,23,29,16
134,135,30,45,36,34,11,40,35
135,136,28,29,3,43,36,8,40
136,137,10,17,12,37,6,8,14
137,138,15,29,22,27,31,25,21
138,139,5,1,17,4,29,9,39
139,140,12,40,45,18,29,10,33
140,141,29,6,39,41,14,33,35
141,142,6,26,24,41,14,45,20
142,143,15,37,22,36,33,14,13
143,144,35,4,45,39,20,12,29
144,145,41,18,45,15,31,44,12
145,146,12,3,38,45,39,37,43
146,147,29,32,31,37,38,41,45
147,148,12,11,33,6,40,3,45
148,149,35,24,31,14,33,25,43
149,150,8,6,43,29,27,41,45
150,151,14,38,4,8,9,6,26
151,152,45,26,11,32,31,39,18
152,153,26,10,8,29,43,37,14
153,154,40,17,31,8,19,41,22
154,155,34,17,1,36,41,13,22
155,156,45,34,11,36,6,35,20
156,157,35,40,6,31,27,29,36
157,158,31,45,37,18,40,13,16
158,159,29,8,20,34,33,4,7
159,160,33,6,41,1,32,38,30
160,161,40,30,31,28,24,29,11
161,162,6,32,10,1,34,36,17
162,163,33,6,31,36,21,34,35
163,164,4,41,40,37,29,18,13
164,165,4,39,17,31,45,32,7
165,166,25,10,19,14,22,36,11
166,167,16,14,18,13,33,23,4
167,168,10,33,45,29,4,40,11
168,169,25,30,13,38,24,32,14
169,170,43,29,45,39,31,35,4
170,171,40,41,30,1,29,32,31
171,172,29,32,39,38,43,30,34
172,173,25,29,43,10,32,24,2
173,174,34,18,25,23,43,42,29
174,175,29,4,16,40,20,45,17
175,176,5,39,11,9,44,29,21
176,177,26,33,18,15,6,23,40
177,178,9,6,31,12,11,13,43
178,179,7,5,16,45,22,18,1
179,180,33,35,7,45,28,13,21
180,181,28,27,30,39,6,41,4
181,182,37,24,33,41,29,40,12
182,183,19,36,11,33,6,29,16
183,184,28,36,34,5,31,6,3
184,185,30,6,1,16,29,31,22
185,186,1,13,18,17,37,19,21
186,187,21,35,36,4,45,13,40
187,188,34,6,26,20,35,13,17
188,189,4,40,41,6,14,27,36
189,190,29,11,33,32,45,16,5
190,191,25,3,7,37,4,23,29
191,192,26,16,10,5,4,14,32
192,193,8,40,3,19,34,12,26
193,194,33,37,6,29,10,21,13
194,195,33,41,9,1,30,10,40
195,196,17,6,13,18,16,15,35
196,197,44,40,20,25,30,29,32
197,198,32,21,39,15,12,14,33
198,199,15,25,28,37,33,45,6
199,200,19,13,43,6,15,18,44
200,201,11,32,9,6,41,33,25
201,202,33,45,38,26,40,12,10
202,203,11,35,4,29,40,10,25
203,204,24,37,13,6,29,16,36
204,205,1,29,37,18,33,14,8
205,206,31,6,45,29,37,14,25
206,207,31,39,29,4,30,27,18
207,208,6,39,13,42,10,29,32
208,209,18,37,6,10,11,23,16
209,210,24,7,4,1,18,37,11
210,211,10,11,29,43,7,25,6
211,212,39,40,36,23,29,43,22
212,213,1,37,6,13,18,38,34
213,214,4,7,17,39,36,32,33
214,215,37,39,34,35,14,15,25
215,216,25,39,45,29,36,22,37
216,217,6,25,31,22,45,1,17
217,218,43,9,45,4,34,41,19
218,219,20,45,10,36,13,15,43
219,220,12,45,36,13,22,11,28
220,221,32,25,10,39,43,12,4
221,222,30,39,41,7,36,18,32
222,223,36,13,33,38,6,34,32
223,224,6,33,43,36,17,39,35
224,225,9,29,35,26,32,40,15
225,226,26,13,41,35,42,6,29
226,227,7,38,4,15,18,2,1
227,228,12,11,39,17,23,33,37
228,229,29,12,13,4,37,8,38
229,230,11,45,18,38,12,20,27
230,231,14,31,45,22,40,21,11
231,232,8,45,30,23,18,22,13
232,233,16,1,31,30,41,45,29
233,234,20,9,25,37,21,29,36
234,235,2,35,4,36,9,13,45
235,236,37,19,35,31,13,14,43
236,237,40,31,6,26,41,30,36
237,238,22,18,15,41,36,38,30
238,239,38,43,12,30,40,11,36
239,240,25,3,29,4,37,11,31
240,241,6,26,34,13,37,12,18
241,242,6,25,18,27,24,15,3
242,243,33,32,20,38,15,26,4
243,244,45,16,31,34,26,2,13
244,245,40,33,4,6,36,32,35
245,246,41,10,38,3,13,25,34
246,247,4,37,40,10,34,2,45
247,248,4,29,43,6,37,40,26
248,249,6,25,39,3,45,43,24
249,250,37,21,40,29,9,13,22
250,251,16,31,27,26,8,20,43
251,252,6,8,35,37,34,18,45
252,253,12,4,40,36,6,44,45
253,254,37,40,31,10,38,18,33
254,255,18,22,23,21,10,14,45
255,256,26,29,21,30,11,32,17
256,257,15,38,25,16,2,40,45
257,258,12,21,31,25,41,29,16
258,259,45,43,39,18,9,38,19
259,260,23,41,21,27,25,12,10
260,261,35,25,12,37,10,40,38
261,262,28,6,22,27,9,39,32
262,263,6,25,16,39,15,41,43
263,264,22,25,6,29,10,35,39
264,265,33,44,16,43,34,41,17
265,266,12,24,41,16,13,32,22
266,267,40,45,33,6,31,29,11
267,268,40,27,29,9,22,36,38
268,269,43,4,37,42,22,25,40
269,270,19,13,24,26,45,35,11
270,271,13,6,38,15,27,21,36
271,272,11,22,16,30,32,4,25
272,273,7,8,34,18,40,13,43
273,274,13,3,4,16,37,39,45
274,275,33,20,7,25,21,45,5
275,276,25,19,11,15,6,23,43
276,277,41,37,13,20,36,15,16
277,278,29,39,40,35,14,15,13
278,279,45,35,28,33,40,6,25
279,280,10,40,17,36,45,5,6
280,281,45,13,10,29,17,41,23
281,282,29,12,22,40,20,25,26
282,283,37,26,39,36,33,18,23
283,284,22,29,43,39,37,30,26
284,285,25,21,32,27,4,45,44
285,286,11,18,31,15,5,16,33
286,287,37,30,5,4,25,14,1
287,288,29,14,40,26,6,13,22
288,289,29,1,39,3,12,11,45
289,290,41,23,7,30,33,13,12
290,291,6,33,35,18,28,20,34
291,292,45,38,11,34,40,4,31
292,293,15,9,41,12,4,29,6
293,294,25,27,39,9,21,13,11
294,295,17,23,24,12,20,4,29
295,296,44,3,6,29,25,10,18
296,297,24,29,41,22,40,36,13
297,298,4,25,35,13,31,37,45
298,299,45,6,10,7,1,25,41
299,300,37,30,36,15,14,45,12
300,301,25,15,21,7,4,24,31
301,302,42,11,35,15,22,6,30
302,303,36,16,38,40,22,21,10
303,304,40,10,18,36,20,45,26
304,305,29,38,13,45,6,32,33
305,306,30,45,13,1,8,36,25
306,307,12,20,6,29,8,9,40
307,308,40,34,33,27,38,13,30
308,309,40,45,41,8,10,12,34
309,310,41,37,35,8,36,4,40
310,311,45,4,29,14,11,36,10
311,312,26,4,13,14,32,15,11
312,313,19,12,15,1,4,26,35
313,314,39,43,40,13,26,15,11
314,315,12,18,40,17,45,6,25
315,316,37,38,24,29,45,23,8
316,317,39,4,40,34,10,11,29
317,318,44,14,28,33,22,11,16
318,319,36,30,4,29,33,31,5
319,320,34,29,28,6,44,40,10
320,321,29,2,11,5,45,42,12
321,322,25,31,40,30,18,22,15
322,323,24,45,29,35,43,13,30
323,324,8,42,10,35,2,30,25
324,325,17,26,34,22,13,6,41
325,326,25,6,17,45,10,1,38
326,327,32,45,1,34,37,26,33
327,328,39,27,40,11,1,28,7
328,329,17,37,8,6,16,39,32
329,330,43,26,34,33,17,38,41
330,331,37,13,22,38,33,10,20
331,332,21,45,41,43,7,25,1
332,333,11,41,9,13,44,37,45
333,334,19,26,35,36,22,31,20
334,335,15,32,37,6,30,21,41
335,336,30,39,20,35,32,31,12
336,337,4,10,32,31,20,11,14
337,338,11,36,9,31,12,39,6
338,339,34,16,26,35,28,3,39
339,340,6,32,10,9,22,33,12
340,341,40,45,28,12,30,33,29
341,342,20,32,29,39,35,17,25
342,343,20,13,43,31,15,39,41
343,344,16,11,43,38,41,28,36
344,345,14,45,11,20,40,13,29
345,346,14,9,12,40,45,30,25
346,347,13,1,39,29,4,32,31
347,348,17,20,13,29,45,6,22
348,349,10,25,31,6,18,32,45
349,350,22,18,20,35,36,40,8
350,351,17,15,10,40,37,25,12
351,352,40,34,25,44,10,13,45
352,353,17,41,11,20,37,22,45
353,354,40,6,33,29,10,30,1
354,355,40,45,22,35,18,28,26
355,356,11,35,33,23,43,6,40
356,357,40,3,13,8,32,25,9
357,358,38,12,26,29,9,13,27
358,359,7,38,6,23,41,8,13
359,360,4,16,35,32,26,20,29
360,361,22,39,31,34,40,1,17
361,362,15,31,18,6,41,40,34
362,363,6,35,45,17,11,36,16
363,364,12,35,27,34,4,6,13
364,365,5,21,45,19,14,39,42
365,366,25,12,43,34,3,35,22
366,367,45,12,8,29,17,6,41
367,368,9,24,31,6,36,45,29
368,369,29,36,40,25,33,39,38
369,370,40,4,17,34,39,32,16
370,371,18,11,45,40,37,25,1
371,372,30,14,29,31,36,21,6
372,373,30,33,45,25,13,14,32
373,374,20,10,18,12,23,36,37
374,375,4,35,31,33,26,41,17
375,376,43,42,37,4,41,33,1
376,377,45,25,20,6,34,22,13
377,378,45,22,17,14,32,9,41
378,379,16,37,4,17,11,35,25
379,380,35,7,37,4,43,29,33
380,381,2,35,13,4,23,29,43
381,382,45,4,24,16,29,15,22
382,383,13,22,6,45,16,8,41
383,384,41,23,11,5,37,40,4
384,385,37,34,9,45,16,40,13
385,386,27,1,29,25,17,33,7
386,387,26,45,38,7,24,4,14
387,388,30,42,37,27,35,29,34
388,389,41,45,33,1,16,18,25
389,390,26,18,27,36,19,9,32
390,391,26,27,1,24,45,19,18
391,392,35,6,27,30,25,3,4
392,393,26,18,4,29,1,25,17
393,394,40,13,11,1,21,22,35
394,395,18,32,16,35,4,1,37
395,396,21,16,3,13,11,35,31
396,397,12,37,14,45,34,22,36
397,398,5,6,4,26,29,37,40
398,399,20,39,5,18,24,26,17
399,400,31,29,26,37,25,41,34
400,401,11,13,10,39,30,12,14
401,402,2,23,14,8,40,1,45
402,403,43,34,45,25,12,22,38
403,404,22,45,4,18,1,6,41
404,405,35,32,22,37,20,17,14
405,406,12,40,45,1,7,3,16
406,407,29,39,14,30,4,13,35
407,408,40,14,35,31,23,39,25
408,409,3,23,40,29,33,32,10
409,410,11,13,8,15,20,34,2
410,411,29,16,13,11,36,34,30
411,412,35,43,12,15,19,40,18
412,413,45,18,8,17,21,5,40
413,414,35,43,27,29,25,9,6
414,415,41,42,22,33,45,36,4
415,416,32,2,35,13,22,43,41
416,417,37,30,36,13,39,33,16
417,418,29,12,32,20,9,36,39
418,419,10,34,36,26,1,9,45
419,420,43,10,18,7,40,34,29
420,421,6,33,43,13,14,41,34
421,422,4,29,13,43,16,45,39
422,423,16,7,45,11,31,17,12
423,424,9,15,10,40,33,43,18
424,425,13,41,38,12,30,1,25
425,426,34,33,38,45,36,29,20
426,427,43,34,25,37,39,29,40
427,428,43,11,25,22,18,13,6
428,429,45,18,4,38,2,28,14
429,430,2,26,30,12,6,33,25
430,431,15,29,18,36,25,7,20
431,432,1,39,33,6,18,13,20
432,433,37,9,6,18,32,11,34
433,434,11,9,29,20,21,34,30
434,435,2,7,24,22,37,35,4
435,436,6,2,21,40,9,29,36
436,437,18,11,23,37,9,34,5
437,438,39,17,18,8,29,40,45
438,439,27,1,6,4,36,25,19
439,440,30,40,41,39,18,17,32
440,441,5,27,6,1,26,21,4
441,442,39,17,9,12,36,11,30
442,443,23,12,41,24,1,31,27
443,444,27,22,28,37,12,29,43
444,445,10,40,2,29,27,33,6
445,446,7,30,33,40,12,25,6
446,447,1,8,14,25,16,43,27
447,448,14,37,39,3,10,32,19
448,449,35,13,8,18,40,30,11
449,450,17,10,45,39,23,4,13
450,451,13,6,45,26,5,17,40
451,452,43,27,24,20,40,33,37
452,453,29,10,30,18,24,39,7
453,454,36,30,38,39,14,2,26
454,455,14,25,35,29,1,45,32
455,456,33,43,12,45,32,25,22
456,457,45,36,12,9,4,32,43
457,458,45,43,16,6,31,38,41
458,459,41,39,18,37,22,24,45
459,460,35,34,25,20,17,10,45
460,461,28,34,2,12,45,37,18
461,462,3,45,29,27,17,13,4
462,463,11,40,45,15,37,16,4
463,464,23,13,30,43,45,36,35
464,465,12,14,43,38,8,21,29
465,466,26,35,40,1,13,36,41
466,467,5,3,14,32,39,17,45
467,468,17,29,37,4,28,36,22
468,469,6,1,41,33,11,22,36
469,470,33,45,20,26,34,35,11
470,471,21,30,6,26,45,43,38
471,472,22,32,45,24,1,4,37
472,473,45,41,35,44,32,11,8
473,474,12,4,44,11,13,6,5
474,475,18,13,25,30,16,6,35
475,476,22,8,20,23,43,24,37
476,477,6,40,33,18,9,20,43
477,478,34,33,31,27,39,36,45
478,479,33,1,26,20,32,8,45
479,480,8,29,1,7,26,24,30
480,481,12,31,33,19,26,8,45
481,482,17,11,32,29,12,37,28
482,483,21,41,35,16,37,29,32
483,484,30,11,32,6,43,40,1
484,485,37,36,6,16,4,1,3
485,486,6,12,8,32,40,29,10
486,487,11,40,12,18,36,19,13
487,488,34,1,35,41,28,31,11
488,489,6,10,13,7,11,39,28
489,490,30,4,13,31,34,29,17
490,491,12,42,43,17,40,37,33
491,492,34,22,25,28,37,39,7
492,493,29,38,39,16,43,45,37
493,494,39,36,34,12,13,4,24
494,495,33,12,35,36,26,40,45
495,496,35,45,13,25,6,37,38
496,497,30,6,43,38,33,26,27
497,498,35,4,22,31,1,37,2
498,499,39,11,28,12,13,14,41
499,500,5,27,14,35,3,29,22
500,501,30,1,35,25,45,31,3
501,502,37,13,11,17,33,36,5
502,503,2,32,12,34,1,41,4
503,504,13,9,3,39,11,31,41
504,505,28,10,45,35,36,6,11
505,506,12,6,36,10,31,4,29
506,507,11,7,28,39,24,33,42
507,508,35,43,38,25,40,32,20
508,509,4,18,6,31,29,17,34
509,510,9,8,11,32,41,43,45
510,511,32,4,16,28,18,3,29
511,512,45,26,11,4,9,3,22
512,513,12,37,31,6,22,30,11
513,514,3,29,30,35,32,20,15
514,515,20,39,26,24,27,10,6
515,516,20,45,13,6,37,26,39
516,517,43,33,37,10,26,16,4
517,518,37,41,36,11,32,40,16
518,519,29,31,8,6,19,23,32
519,520,12,34,21,45,20,40,39
520,521,12,27,16,10,6,37,13
521,522,36,37,2,34,40,32,6
522,523,24,22,40,27,35,11,45
523,524,40,29,20,12,8,27,33
524,525,10,29,8,31,6,45,22
525,526,6,18,37,22,28,12,31
526,527,8,32,17,29,26,1,39
527,528,25,7,33,21,24,10,8
528,529,29,40,14,1,20,8,30
529,530,22,30,29,36,45,12,37
530,531,11,31,7,9,4,22,34
531,532,29,12,38,32,4,13,45
532,533,39,40,11,22,37,9,10
533,534,44,36,7,43,45,22,13
534,535,11,17,30,26,16,1,14
535,536,4,6,5,29,19,31,37
536,537,32,44,24,1,45,4,22
537,538,29,38,44,18,34,28,40
538,539,6,29,34,23,4,31,11
539,540,35,3,20,22,30,39,40
540,541,45,11,25,39,19,10,1
541,542,21,15,4,28,32,33,13
542,543,44,14,7,35,18,13,37
543,544,45,25,36,37,32,16,40
544,545,3,16,34,43,35,37,25
545,546,19,37,18,24,32,5,45
546,547,10,35,6,11,45,9,41
547,548,16,44,39,45,41,32,7
548,549,45,30,43,23,11,33,37
549,550,37,24,34,25,4,22,5
550,551,17,35,26,4,37,22,20
551,552,39,9,6,45,12,40,10
552,553,36,29,20,40,14,33,6
553,554,25,6,17,41,33,19,4
554,555,40,4,25,18,11,34,6
555,556,41,40,22,20,36,35,3
556,557,4,34,6,29,30,40,21
557,558,26,20,3,25,39,13,38
558,559,6,10,45,16,32,34,33
559,560,33,29,13,27,15,32,26
560,561,34,16,29,26,21,41,8
561,562,38,39,11,29,12,35,19
562,563,29,10,12,26,25,38,14
563,564,37,33,31,26,34,28,29
564,565,4,30,12,18,34,9,19
565,566,14,13,4,33,34,17,25
566,567,12,45,18,1,37,17,25
567,568,16,31,41,38,4,19,43
568,569,16,4,35,37,11,25,12
569,570,19,41,22,3,9,39,44
570,571,13,43,12,37,25,34,10
571,572,43,37,39,22,10,7,33
572,573,29,33,20,22,25,36,27
573,574,7,29,16,19,13,12,4
574,575,34,33,12,2,16,45,1
575,576,2,37,32,8,43,42,45
576,577,37,18,40,25,10,13,39
577,578,32,2,38,4,34,17,7
578,579,16,39,25,37,35,9,27
579,580,16,13,12,26,37,4,33
580,581,26,33,24,37,25,4,36
581,582,37,43,13,41,34,7,35
582,583,25,35,8,29,10,20,40
583,584,26,41,35,11,17,9,22
584,585,22,29,26,32,11,34,45
585,586,20,30,28,25,33,11,31
586,587,4,13,45,3,43,44,25
587,588,45,21,32,16,30,34,39
588,589,33,45,29,18,32,23,2
589,590,34,29,32,36,26,31,14
590,591,39,22,45,40,14,29,44
591,592,13,40,18,35,11,45,9
592,593,4,34,42,31,41,11,22
593,594,29,45,5,4,35,9,1
594,595,11,27,40,2,13,45,41
595,596,1,33,42,39,35,26,22
596,597,10,17,35,25,13,37,33
597,598,40,19,45,12,41,39,6
598,599,32,37,22,29,17,45,4
599,600,38,39,44,6,20,41,2
600,601,45,32,40,6,41,4,14
601,602,33,24,45,4,6,29,37
602,603,10,24,34,22,27,29,8
603,604,16,13,30,22,26,45,21
604,605,25,45,19,4,12,29,23
605,606,16,43,33,21,12,27,4
606,607,40,41,37,13,12,36,1
607,608,44,6,43,30,7,34,27
608,609,29,11,40,43,10,26,44
609,610,36,22,30,3,29,28,2
610,611,12,32,19,45,36,6,11
611,612,4,11,34,22,1,45,30
612,613,16,1,21,29,6,36,23
613,614,25,19,38,44,11,29,6
614,615,19,2,21,43,24,35,9
615,616,29,23,41,10,39,26,6
616,617,5,10,18,28,4,31,45
617,618,5,41,37,26,36,2,32
618,619,36,35,16,14,25,29,20
619,620,6,34,12,32,3,41,36
620,621,41,17,29,22,26,16,11
621,622,25,11,34,45,29,40,43
622,623,41,18,1,11,32,14,6
623,624,25,9,37,40,8,29,39
624,625,16,7,18,39,29,6,35
625,626,34,23,43,41,4,29,6
626,627,6,24,14,34,12,18,4
627,628,12,29,4,2,38,18,20
628,629,4,45,37,22,21,10,18
629,630,37,44,6,2,29,36,9
630,631,34,43,37,35,6,16,12
631,632,34,10,35,4,37,8,12
632,633,39,34,45,14,16,41,6
633,634,11,12,16,13,17,24,6
634,635,27,33,42,37,32,10,16
635,636,29,30,25,18,35,32,36
636,637,35,29,21,9,6,45,26
637,638,1,31,45,25,39,22,40
638,639,4,40,41,26,33,19,45
639,640,45,9,35,39,13,18,29
640,641,17,38,16,27,13,37,35
641,642,30,8,41,34,43,32,35
642,643,16,36,40,45,43,3,37
643,644,39,5,1,29,31,20,9
644,645,32,22,37,39,33,26,2
645,646,19,28,27,13,23,40,33
646,647,11,25,10,7,20,43,29
647,648,45,36,15,10,2,40,33
648,649,39,34,36,24,17,6,3
649,650,1,43,2,38,39,25,3
650,651,13,30,36,12,16,11,14
651,652,38,43,36,32,6,29,16
652,653,8,7,28,12,6,22,40
653,654,29,45,24,38,22,41,8
654,655,16,6,10,21,29,18,8
655,656,13,39,4,18,25,12,26
656,657,10,12,20,11,5,29,33
657,658,25,2,16,22,18,29,20
658,659,3,10,14,29,39,43,11
659,660,39,40,14,13,45,10,21
660,661,45,2,41,36,7,23,33
661,662,40,25,42,32,4,3,21
662,663,22,32,24,38,31,41,45
663,664,30,27,32,34,25,40,43
664,665,17,11,25,36,41,4,42
665,666,13,3,37,40,33,32,2
666,667,2,37,40,39,27,25,7
667,668,23,43,20,17,32,30,28
668,669,38,29,35,34,40,17,2
669,670,11,34,30,16,36,22,7
670,671,43,13,6,44,39,29,34
671,672,34,11,25,26,21,41,15
672,673,15,22,43,34,25,12,17
673,674,23,25,19,33,35,32,20
674,675,2,37,30,3,32,25,29
675,676,12,17,43,30,36,16,11
676,677,26,22,1,37,23,32,30
677,678,33,45,20,21,14,11,6
678,679,33,12,29,27,41,45,25
679,680,35,6,25,34,29,40,27
680,681,31,30,8,40,27,9,11
681,682,33,13,37,21,4,25,10
682,683,41,43,9,26,4,21,19
683,684,37,6,40,35,16,17,25
684,685,11,37,22,3,36,40,34
685,686,4,36,14,26,9,23,30
686,687,10,41,4,5,25,6,45
687,688,19,20,38,29,33,40,25
688,689,10,14,35,22,25,3,9
689,690,13,4,34,30,43,15,37
690,691,15,12,40,29,8,37,17
691,692,40,29,34,4,39,23,11
692,693,20,37,36,35,6,44,26
693,694,14,45,36,35,43,1,13
694,695,40,21,37,32,28,14,18
695,696,39,26,1,36,13,25,45
696,697,19,13,29,32,16,22,39
697,698,11,33,34,12,17,10,4
698,699,25,20,16,3,9,10,13
699,700,12,29,16,1,23,30,28
700,701,4,6,27,22,34,29,25
701,702,43,37,4,16,35,31,6
702,703,1,34,13,18,45,25,21
703,704,41,6,25,31,18,34,20
704,705,20,25,32,45,19,37,10
705,706,6,26,37,1,27,5,24
706,707,45,22,6,19,3,33,29
707,708,11,12,26,6,10,45,31
708,709,33,29,25,27,32,8,2
709,710,40,4,20,12,14,23,36
710,711,41,4,26,25,7,32,13
711,712,11,33,38,37,12,16,6
712,713,39,34,6,23,40,11,41
713,714,43,37,4,31,41,36,17
714,715,29,4,13,16,43,41,27
715,716,34,14,39,16,40,36,6
716,717,45,13,33,30,18,8,25
717,718,9,41,6,31,12,24,37
718,719,37,28,4,25,29,43,35
719,720,35,17,45,22,41,21,39
720,721,30,3,25,20,21,6,8
721,722,10,11,35,24,37,45,20
722,723,29,7,32,45,14,4,33
723,724,1,29,9,39,32,41,11
724,725,35,34,16,11,12,30,4
725,726,33,4,39,15,37,9,26
726,727,19,12,7,38,29,34,45
727,728,13,4,43,12,8,34,37
728,729,4,9,37,22,43,10,11
729,730,1,14,17,33,29,13,27
730,731,40,33,30,10,18,45,12
731,732,34,32,29,26,18,25,39
732,733,38,29,10,28,15,3,19
733,734,45,42,10,33,26,6,35
734,735,45,7,40,21,20,36,31
735,736,24,28,33,3,34,2,44
736,737,39,41,26,8,29,4,45
737,738,8,34,14,45,11,6,10
738,739,17,4,36,42,13,6,25
739,740,40,26,37,38,17,11,6
740,741,7,6,13,45,30,26,8
741,742,45,13,39,32,11,40,4
742,743,11,18,39,32,28,6,30
743,744,34,17,45,11,40,25,2
744,745,1,15,40,45,34,8,41
745,746,36,32,29,43,7,35,20
746,747,41,45,31,1,29,37,36
747,748,4,45,16,38,7,9,11
748,749,26,10,28,1,18,45,11
749,750,40,32,41,6,31,29,39
750,751,32,2,17,40,34,8,29
751,752,6,13,20,37,24,11,22
752,753,6,35,34,2,45,33,36
753,754,44,40,16,33,18,14,25
754,755,40,35,29,27,20,43,12
755,756,22,45,31,17,10,41,13
756,757,17,21,31,27,16,29,40
757,758,10,34,36,18,38,37,19
758,759,4,41,30,28,11,9,25
759,760,37,43,34,3,10,1,45
760,761,36,41,39,40,28,38,13
761,762,14,29,45,25,40,10,9
762,763,43,38,13,3,12,21,7
763,764,13,24,12,6,35,26,11
764,765,9,45,10,43,30,1,36
765,766,17,38,30,34,12,16,13
766,767,32,13,3,28,10,29,40
767,768,25,1,32,10,17,8,12
768,769,41,18,35,30,34,44,26
769,770,30,45,18,41,40,14,1
770,771,26,6,39,12,44,29,20
771,772,36,9,12,24,25,31,20
772,773,39,40,17,6,11,14,36
773,774,32,6,17,24,1,26,40
774,775,24,32,37,21,29,17,31
775,776,26,45,1,2,34,31,12
776,777,27,29,36,40,6,19,4
777,778,45,37,31,16,6,22,8
778,779,39,29,8,26,31,12,9
779,780,40,38,26,21,6,10,32
780,781,37,1,23,4,11,45,43
781,782,24,9,4,43,29,11,12
782,783,12,20,9,13,22,33,41
783,784,15,25,12,29,27,6,31
784,785,28,3,39,26,11,13,14
785,786,14,37,12,27,13,2,33
786,787,29,17,32,22,8,45,9
787,788,15,25,43,6,34,45,23
788,789,31,26,19,17,34,27,25
789,790,1,26,37,16,10,45,5
790,791,26,14,33,22,9,10,4
791,792,28,32,40,6,15,29,4
792,793,35,43,20,12,26,14,32
793,794,34,3,27,30,29,39,16
794,795,35,39,22,41,45,36,33
795,796,35,45,29,26,32,9,43
796,797,36,24,33,39,19,25,1
797,798,11,20,29,17,10,7,16
798,799,34,9,25,36,6,37,20
799,800,30,40,29,17,32,12,10
800,801,17,10,13,30,8,19,31
801,802,26,17,18,37,8,45,5
802,803,16,10,20,4,43,18,39
803,804,16,43,37,35,18,1,38
804,805,11,39,27,29,37,10,32
805,806,41,35,14,18,43,4,30
806,807,41,29,6,3,13,8,9
807,808,32,13,9,44,35,39,45
808,809,24,40,16,27,39,13,12
809,810,13,26,9,25,21,2,20
810,811,39,32,21,31,23,13,6
811,812,11,7,1,4,45,17,8
812,813,40,18,32,27,29,13,1
813,814,17,24,40,38,39,26,35
814,815,9,17,13,39,38,37,19
815,816,4,11,34,45,21,29,13
816,817,26,29,11,12,38,4,37
817,818,20,11,39,41,37,30,43
818,819,37,18,33,34,2,13,29
819,820,22,4,24,26,6,38,32
820,821,35,4,18,39,6,36,27
821,822,26,11,29,10,37,43,8
822,823,17,43,22,31,15,38,20
823,824,34,10,3,21,32,45,40
824,825,10,13,18,6,4,12,5
825,826,34,39,1,11,33,15,5
826,827,16,40,25,9,12,37,22
827,828,17,38,40,35,29,1,32
828,829,15,11,32,5,29,36,45
829,830,37,1,11,33,12,24,14
830,831,4,38,15,18,16,35,45
831,832,25,9,23,33,6,16,21
832,833,24,4,14,13,28,29,37
833,834,36,13,25,29,33,39,45
834,835,39,29,43,6,36,38,45
835,836,31,26,43,13,41,24,7
836,837,14,18,29,20,36,4,8
837,838,10,17,4,36,35,14,26
838,839,32,10,7,40,3,31,29
839,840,45,39,41,26,14,16,25
840,841,36,39,44,31,10,4,33
841,842,17,29,6,38,25,4,12
842,843,11,41,32,14,45,18,29
843,844,38,21,29,4,35,39,27
844,845,15,14,10,12,40,30,6
845,846,39,24,45,33,32,18,13
846,847,43,37,10,41,45,40,13
847,848,45,32,4,11,16,44,41
848,849,13,12,32,33,43,8,22
849,850,40,35,12,33,28,43,36
850,851,27,17,16,36,6,20,26
851,852,29,33,37,40,18,25,45
852,853,11,28,25,12,6,24,43
853,854,38,37,39,29,43,22,40
854,855,6,21,18,34,15,11,36
855,856,33,26,7,38,23,13,1
856,857,29,4,43,16,40,45,24
857,858,12,16,10,34,40,45,11
858,859,4,19,43,28,14,29,32
859,860,20,41,6,27,30,8,17
860,861,13,30,8,12,10,43,2
861,862,36,18,21,17,11,10,3
862,863,40,23,3,1,13,30,31
863,864,17,39,11,20,38,37,13
864,865,33,6,10,15,35,26,4
865,866,25,22,7,43,1,29,37
866,867,26,45,27,34,40,28,8
867,868,11,8,4,35,45,39,23
868,869,28,33,6,17,40,45,35
869,870,45,32,38,43,11,34,41
870,871,40,11,29,3,14,37,38
871,872,43,34,11,26,9,6,10
872,873,24,36,18,41,26,35,14
873,874,1,37,36,34,16,44,6
874,875,21,4,10,8,18,29,26
875,876,11,39,31,8,16,7,26
876,877,12,1,26,27,33,8,37
877,878,39,3,40,12,37,9,16
878,879,17,30,27,43,37,4,36
879,880,29,6,36,18,24,43,13
880,881,45,8,1,4,43,11,10
881,882,44,33,41,3,26,4,43
882,883,39,14,26,6,29,9,12
883,884,17,29,24,27,23,1,35
884,885,36,39,11,13,16,32,28
885,886,7,37,6,45,32,40,9
886,887,45,25,27,16,39,43,35
887,888,17,1,45,3,28,14,39
888,889,6,4,20,16,30,33,40
889,890,17,26,45,37,33,14,8
890,891,18,13,35,40,6,45,36
891,892,12,34,20,29,3,32,9
892,893,33,38,9,25,3,29,17
893,894,11,34,4,41,9,24,8
894,895,34,13,22,11,12,6,29
895,896,27,41,20,25,26,6,29
896,897,3,24,43,9,45,25,10
897,898,6,40,16,45,43,13,29
898,899,22,5,39,9,16,20,10
899,900,4,33,29,32,34,2,22
900,901,29,43,9,35,18,45,6
901,902,24,38,6,12,45,22,10
902,903,2,13,8,10,6,25,30
903,904,4,17,20,40,13,22,38
904,905,5,31,8,38,26,20,9
905,906,39,37,32,43,1,13,8
906,907,26,45,15,40,18,37,22
907,908,22,4,27,2,17,20,11
908,909,32,45,24,22,34,16,40
909,910,36,24,11,1,38,4,34
910,911,36,14,12,45,43,7,2
911,912,40,23,4,34,29,31,38
912,913,10,32,21,26,34,39,29
913,914,15,28,13,41,11,10,25
914,915,4,10,26,40,11,13,21
915,916,36,40,32,38,4,9,11
916,917,16,39,35,41,36,43,15
917,918,17,34,40,7,43,29,10
918,919,43,16,28,36,26,4,29
919,920,39,32,40,30,31,25,9
920,921,43,16,26,34,35,12,21
921,922,25,29,4,43,12,17,11
922,923,36,17,34,37,27,9,10
923,924,3,41,34,43,33,18,44
924,925,13,34,3,45,21,16,25
925,926,30,45,36,22,25,3,16
926,927,6,39,14,32,26,1,17
927,928,39,45,21,27,29,19,6
928,929,6,36,33,2,29,35,43
929,930,31,29,14,12,25,11,10
930,931,22,21,20,10,15,32,37
931,932,4,37,16,39,1,34,21
932,933,17,6,12,32,18,41,21
933,934,19,4,41,17,39,3,22
934,935,16,11,33,34,10,22,41
935,936,38,31,30,35,27,34,3
936,937,6,41,16,45,18,36,40
937,938,32,12,20,43,45,39,18
938,939,7,35,10,37,33,1,18
939,940,33,34,8,25,38,17,24
940,941,38,20,25,7,21,13,9
941,942,45,3,38,43,20,22,30
942,943,37,20,6,12,4,16,25
943,944,43,29,3,37,18,22,21
944,945,30,14,39,29,36,16,33
945,946,6,29,22,1,35,11,38
946,947,44,14,22,39,26,27,4
947,948,39,43,41,40,19,6,33
948,949,20,16,43,26,30,35,6
949,950,29,37,25,40,1,41,33
950,951,18,21,29,36,34,4,1
951,952,17,12,13,43,35,14,8
952,953,41,27,26,10,13,39,29
953,954,13,29,6,40,37,25,15
954,955,38,29,11,32,33,45,4
955,956,12,34,37,45,38,11,26
956,957,25,40,20,34,24,14,37
957,958,22,10,45,28,41,43,4
958,959,20,30,7,25,44,10,24
959,960,29,12,33,1,13,22,39
960,961,22,20,44,33,6,36,37
961,962,35,43,30,11,33,9,6
962,963,15,1,26,14,21,13,30
963,964,30,19,13,22,43,4,12
964,965,38,13,35,34,36,29,27
965,966,29,22,33,8,44,21,16
966,967,20,10,22,36,18,12,2
967,968,16,11,41,29,31,13,45
968,969,15,38,20,39,45,1,13
969,970,15,39,40,16,34,3,11
970,971,5,28,38,13,40,43,12
971,972,41,9,33,43,25,29,13
972,973,37,41,33,16,21,38,12
973,974,45,20,13,29,1,6,10
974,975,40,45,36,2,11,32,18
975,976,37,33,32,6,41,5,18
976,977,29,23,6,37,45,26,24
977,978,44,10,9,11,41,37,18
978,979,7,33,38,13,41,22,40
979,980,6,40,35,1,11,32,43
980,981,32,25,34,38,16,26,40
981,982,45,37,38,24,9,44,30
982,983,39,34,40,22,36,1,25
983,984,35,30,18,37,33,40,4
984,985,35,36,10,2,18,29,7
985,986,44,33,5,43,21,38,45
986,987,20,29,4,45,37,22,41
987,988,20,38,36,19,26,1,2
988,989,35,3,9,40,30,20,41
989,990,39,19,32,40,44,10,37
990,991,9,28,25,4,43,37,40
991,992,13,12,14,35,6,45,4
992,993,12,28,45,13,37,38,21
993,994,40,6,39,16,20,17,2
994,995,16,4,11,41,33,28,37
995,996,34,37,3,6,29,12,45
996,997,20,25,35,33,6,29,11
997,998,41,36,15,33,12,43,10
998,999,32,34,36,5,20,6,23
999,1000,29,43,20,27,19,17,11
1000,1001,22,35,33,43,4,29,45
1001,1002,37,18,25,40,8,13,4
1002,1003,32,25,18,8,41,37,14
